CASE,SERIAL,REF,QUESTNNR,MODE,STARTED,AT01_01,DF01_01,DF01_02,DF01_03,DF02_01,DF02_02,DF02_03,IC01_01,IC01_02,IC01_03,IC01_04,IC01_05,IC01_06,IC01_07,IC02_08,IC02_09,IC02_10,IC02_11,IC02_12,IC02_13,IO01,IO03_01,JC01_01,JC01_02,JC01_03,JC01_04,PF01,PF02_01,PS01_01,PS01_02,PS01_03,PS01_04,PS01_05,SS01_01,SS01_02,SS01_03,WF01_01,WF01_02,WF01_03,WF01_04,WF01_05,WF01_06,WM01_01,WM01_02,WM01_03,TIME001,TIME002,TIME003,TIME004,TIME005,TIME006,TIME007,TIME008,TIME009,TIME010,TIME_SUM,MAILSENT,LASTDATA,STATUS,FINISHED,Q_VIEWER,LASTPAGE,MAXPAGE,MISSING,MISSREL,TIME_RSI
Interview-Nummer (fortlaufend),Personenkennung oder Teilnahmecode (sofern verwendet),Referenz (sofern im Link angegeben),"Fragebogen, der im Interview verwendet wurde",Interview-Modus,Zeitpunkt zu dem das Interview begonnen hat (Europe/Berlin),"Attention Check: To ensure data quality, please select ‘Agree’ (Option 4) for this statement.",Knowledge: I know what to do when using digital technologies without too much effort,Knowledge: I know how to use digital technologies without too much effort,Knowledge: I know when it makes sense to work with digital technologies without too much effort,Efficacy: I feel confident that I can use digital technologies to improve my job performance,Efficacy: I feel confident that I can reliably achieve the desired work results with the help of digital technologies,"Efficacy: I feel confident that I can efficiently and critically analyze digital information (e.g., on websites, blogs, social media) for my work",IC-Selfperception: I often suggest new ways to achieve goals or objectives at work,IC-Selfperception: I come up with new and practical ideas to improve my performance at work,"IC-Selfperception: I actively seek out new technologies, processes, techniques, and/or product ideas at work",IC-Selfperception: I suggest new ways to increase quality in my work,IC-Selfperception: I am a good source of creative ideas at work,IC-Selfperception: I am not afraid to take risks in order to innovate at work,IC-Selfperception: I promote and champion my ideas to others at work,IC-Selfperception: I exhibit creativity on the job when I am given the opportunity at work,IC-Selfperception: I develop adequate plans and schedules for implementing new ideas at work,IC-Selfperception: I often have new and innovative ideas at work,IC-Selfperception: I come up with creative solutions to problems at work,IC-Selfperception: I frequently approach problems with a fresh perspective at work,IC-Selfperception: I suggest new ways to perform work tasks more effectively,Instruktionstext,Prolific ID: Please enter your Prolific ID to proceed,Job Complexity: The job requires that I only do one task or activity at a time (umgepolt),Job Complexity: The tasks on the job are simple and uncomplicated (umgepolt),Job Complexity: The job comprises relatively uncomplicated tasks (umgepolt),Job Complexity: The job involves performing relatively simple tasks (umgepolt),Gender,Age:  ... years,"Psychological Safety: If you make a mistake on this team, it is often held against you (umgepolt)",Psychological Safety: Members of this team are able to bring up problems and tough issues,Psychological Safety: It is safe to take a risk on this team,Psychological Safety: It is difficult to ask other members of this team for help (umgepolt),"Psychological Safety: Working with members of this team, my unique skills and talents are valued and utilized",Supervisor Support: My supervisor discusses with me my work-related ideas in order to improve them,Supervisor Support: My supervisor gives me useful feedback about my ideas concerning the workplace,Supervisor Support: My supervisor is always ready to support me if I introduce an unpopular idea or solution at work,Work Flexibility: Working in hybrid mode gives me autonomy in deciding work time,Work Flexibility: Working in hybrid mode helps me to take an hour or two off during working hours to take care of personal or family matters,Work Flexibility: I can arrive and depart from work when I want in hybrid mode,Work Flexibility: I am free to work the hours that are best for my schedule in hybrid mode,Work Flexibility: I could easily take a day off of work in hybrid mode if I wanted to,"Work Flexibility: My employer allows me to carry out non-work projects during my spare time at work in a hybrid mode (e.g., doctor’s appointments, family responsibilities)",Work Method Autonomy : I am allowed to decide how to go about getting my job done (the methods I use),Work Method Autonomy : I am able to choose the way to go about my job (the procedures to utilize),Work Method Autonomy : I am free to choose the method(s) to use in carrying out my work,Verweildauer Seite 1,Verweildauer Seite 2,Verweildauer Seite 3,Verweildauer Seite 4,Verweildauer Seite 5,Verweildauer Seite 6,Verweildauer Seite 7,Verweildauer Seite 8,Verweildauer Seite 9,Verweildauer Seite 10,Verweildauer gesamt (ohne Ausreißer),Versandzeitpunkt der Einladungsmail (nur für nicht-anonyme Adressaten),Zeitpunkt als der Datensatz das letzte mal geändert wurde,Status des Interviews (Markierung),Wurde die Befragung abgeschlossen (letzte Seite erreicht)?,"Hat der Teilnehmer den Fragebogen nur angesehen, ohne die Pflichtfragen zu beantworten?","Seite, die der Teilnehmer zuletzt bearbeitet hat","Letzte Seite, die im Fragebogen bearbeitet wurde",Anteil fehlender Antworten in Prozent,Anteil fehlender Antworten (gewichtet nach Relevanz),Ausfüll-Geschwindigkeit (relativ)
143,,,Main,interview,2025-02-01 17:53:02,4,4,4,4,4,4,4,3,4,3,3,3,4,3,4,5,4,3,4,4,1,12,1,2,1,1,1,45,1,5,5,1,5,5,5,5,4,3,4,4,5,4,4,5,5,8,8,6,4,4,4,4,3,4,7,52,,2025-02-01 17:53:54,,1,0,10,10,0,0,2.68
146,,,Main,interview,2025-02-01 18:05:11,1,1,1,1,1,1,1,1,1,1,1,1,1,1,1,1,1,1,1,1,1,34,5,5,5,5,1,45,5,1,1,5,1,1,1,1,1,1,1,1,1,1,1,1,1,8,5,5,4,4,3,10,2,9,5,55,,2025-02-01 18:06:06,,1,0,10,10,0,0,2.54
147,,,Main,interview,2025-02-01 18:19:42,4,4,5,4,4,4,4,4,5,5,5,5,4,4,4,4,4,4,4,4,1,66d83eed2056702ec87c5857,4,3,4,4,2,41,4,2,2,3,3,5,5,5,5,5,5,3,4,1,3,4,5,22,49,38,41,40,24,20,17,38,10,299,,2025-02-01 18:24:41,,1,0,10,10,0,0,0.7
148,,,Main,interview,2025-02-01 18:23:00,4,4,5,4,4,3,4,4,4,5,4,4,5,4,4,5,4,4,4,5,1,5914b7b50a4b9d0001add64f,2,1,3,2,1,36,4,3,2,4,2,4,5,4,4,5,4,3,4,4,4,5,4,45,61,39,28,67,20,43,22,19,8,352,,2025-02-01 18:28:52,,1,0,10,10,0,0,0.69
149,,,Main,interview,2025-02-01 18:23:41,4,4,4,4,4,4,4,4,4,4,4,4,4,4,4,4,4,4,4,4,1,672a43309052db051acb93fa,2,2,2,2,1,26,2,4,4,2,4,4,4,4,4,4,2,4,4,4,4,4,4,42,19,10,44,16,18,9,5,351,8,194,,2025-02-01 18:32:23,,1,0,10,10,0,0,1.29
150,,,Main,interview,2025-02-01 18:40:50,4,5,5,5,5,5,5,4,5,5,5,5,5,4,4,2,4,4,4,5,1,605ab4ac7ee22780d068b662,4,4,4,4,2,53,5,3,4,5,4,4,4,4,4,5,2,2,2,4,4,4,4,8,23,24,27,21,16,13,10,21,6,169,,2025-02-01 18:43:39,,1,0,10,10,0,0,1.25
151,,,Main,interview,2025-02-01 18:45:41,4,5,5,5,5,5,4,5,5,5,5,5,4,3,5,5,4,5,4,5,1,673de80233afc7c3b3c60f72,5,4,4,4,2,26,5,5,4,5,5,5,5,5,5,5,3,2,5,3,5,5,5,10,20,17,34,27,40,17,8,19,4,196,,2025-02-01 18:48:57,,1,0,10,10,0,0,1.21
152,,,Main,interview,2025-02-01 18:46:03,5,4,4,4,4,4,4,4,4,4,4,4,4,4,4,4,4,4,4,4,1,67257ce3994b47c165fff9fd,2,2,2,2,2,70,2,3,4,2,4,4,4,4,4,4,4,4,4,4,4,4,4,39,72,76,58,80,114,25,102,51,16,448,,2025-02-01 18:56:36,,1,0,10,10,0,0,0.38
153,,,Main,interview,2025-02-01 18:46:14,4,4,4,4,5,5,5,4,4,4,4,4,2,2,4,4,3,3,4,4,1,67073b794c4f1d5d452d23d7,2,2,2,2,2,37,4,2,2,5,2,4,4,4,4,4,4,2,2,4,4,4,4,7,14,12,20,22,18,12,16,11,6,138,,2025-02-01 18:48:32,,1,0,10,10,0,0,1.53
154,,,Main,interview,2025-02-01 18:46:20,4,5,5,5,5,5,4,5,5,4,5,4,4,5,5,5,4,5,4,5,1,66ce2f9a9a9402052c85abb6,5,5,5,5,1,51,4,4,3,5,4,4,4,3,4,4,3,4,3,3,4,3,4,12,58,35,28,32,30,28,25,36,9,293,,2025-02-01 18:51:13,,1,0,10,10,0,0,0.75
155,,,Main,interview,2025-02-01 18:47:26,4,5,4,4,5,5,5,4,4,4,4,4,4,4,4,4,4,4,4,4,1,67926bccd6da8d0031202f50,2,2,1,2,2,22,4,3,4,5,5,5,5,4,5,4,4,4,4,4,4,4,4,43,33,28,43,35,27,41,49,52,9,323,,2025-02-01 18:53:26,,1,0,10,10,0,0,0.62
156,,,Main,interview,2025-02-01 18:49:14,4,4,4,4,4,4,4,4,4,5,4,4,4,4,3,4,4,4,4,4,1,5d3f5c8f0d0d29001a4bd973,4,4,4,4,1,24,4,4,4,2,4,5,5,5,5,4,5,5,5,5,4,4,4,5,9,7,11,7,8,10,4,10,5,76,,2025-02-01 18:50:30,,1,0,10,10,0,0,2.55
157,,,Main,interview,2025-02-01 18:49:14,4,2,3,3,3,3,2,4,4,3,3,5,3,4,4,3,5,4,4,4,1,62a3b2b0eb528bfeb2ea2e02,2,1,1,1,1,33,1,4,2,2,2,2,4,1,4,4,3,4,4,3,4,4,4,41,36,260,33,36,26,20,16,29,6,265,,2025-02-01 18:57:37,,1,0,10,10,0,0,0.73
158,,,Main,interview,2025-02-01 18:53:51,4,5,5,5,5,5,5,5,5,5,5,5,5,5,5,5,5,5,5,5,1,5ec70d2d62e69c157fde4884,2,2,2,2,1,25,3,5,3,5,5,5,5,5,4,4,3,4,3,5,5,5,5,34,21,14,37,22,14,17,10,36,9,214,,2025-02-01 18:57:25,,1,0,10,10,0,0,1.05
159,,,Main,interview,2025-02-01 18:56:40,4,4,3,3,5,5,3,4,3,4,4,3,3,5,2,4,3,3,4,4,1,63d520bc8833c489caf0023a,2,2,4,3,1,34,2,3,3,1,4,3,3,4,2,4,3,4,5,4,4,4,2,11,13,14,11,11,21,7,10,11,15,124,,2025-02-01 18:58:44,,1,0,10,10,0,0,1.78
160,,,Main,interview,2025-02-01 18:56:41,4,5,4,5,5,4,4,4,4,4,4,4,3,5,4,5,4,4,5,4,1,6748a8cbcd81d94597c67a43,4,4,4,4,1,31,4,4,3,1,4,4,4,4,5,5,3,4,4,4,4,4,4,35,31,12,30,62,10,14,8,22,8,232,,2025-02-01 19:00:33,,1,0,10,10,0,0,1.12
161,,,Main,interview,2025-02-01 18:58:26,4,4,4,4,4,5,5,5,5,4,4,5,4,4,4,4,4,5,3,4,1,677b6152cafb250cfa64829c,2,2,2,2,1,31,4,3,3,3,3,4,4,5,3,4,4,4,4,2,4,5,3,10,13,12,17,14,10,7,8,14,6,111,,2025-02-01 19:00:17,,1,0,10,10,0,0,1.81
162,,,Main,interview,2025-02-01 18:58:46,4,4,4,5,5,4,4,5,5,4,4,4,5,5,5,5,4,5,4,4,1,66aac4e9660a094e32085b53,5,5,5,5,1,40,4,5,4,5,5,5,5,5,5,5,3,2,2,5,4,4,4,7,12,12,19,78,9,16,17,58,166,235,,2025-02-01 19:05:20,,1,0,10,10,0,0,1.27
163,,,Main,interview,2025-02-01 18:59:42,4,5,5,5,5,5,5,3,4,5,3,4,5,3,3,4,3,4,5,4,1,679154d304790eef1237fba1,5,3,5,4,2,19,2,5,5,5,4,4,5,5,5,4,1,5,1,4,5,5,5,27,63,93,70,69,87,45,33,86,352,350,,2025-02-01 19:15:07,,1,0,10,10,0,0,0.34
165,,,Main,interview,2025-02-01 19:00:21,4,5,5,5,4,4,4,3,4,4,3,4,2,3,4,4,3,4,5,4,1,6750ad383a1fdf6c8456bd64,4,4,4,4,1,25,4,4,2,4,3,4,4,3,2,3,2,2,2,2,3,2,3,5,17,16,25,15,14,10,9,16,4,131,,2025-02-01 19:02:32,,1,0,10,10,0,0,1.67
166,,,Main,interview,2025-02-01 19:00:44,4,5,5,5,5,5,5,2,4,5,3,3,4,2,4,3,3,4,3,2,1,66d65f1a35cfa71263b637fc,5,5,5,5,2,61,2,3,2,4,1,2,1,1,5,5,5,5,1,1,1,3,3,14,49,29,44,60,35,22,30,34,8,325,,2025-02-01 19:06:10,,1,0,10,10,0,0,0.68
167,,,Main,interview,2025-02-01 19:01:23,4,4,4,4,4,5,4,4,4,4,3,4,5,5,4,3,3,4,4,4,1,66fc5dc2ea1f07a1c9676134,2,4,3,4,2,36,4,4,4,5,4,4,4,3,4,4,4,4,3,5,3,4,3,11,52,32,138,39,33,54,21,110,11,272,,2025-02-01 19:09:44,,1,0,10,10,0,0,0.58
168,,,Main,interview,2025-02-01 19:03:57,4,5,5,4,4,5,4,4,4,5,4,4,3,4,4,4,3,4,4,4,1,663a5c96bf6c0f72730b22d5,4,2,2,2,2,28,2,3,2,3,3,4,5,5,4,5,4,4,4,4,4,4,5,12,110,21,54,68,10,34,64,26,8,274,,2025-02-01 19:10:44,,1,0,10,10,0,0,0.79
169,,,Main,interview,2025-02-01 19:04:38,4,4,4,4,4,4,4,4,4,4,4,5,5,5,5,5,4,4,4,4,1,66b77009e0b9b4578e06bd27,4,2,1,2,2,62,5,5,5,5,5,5,5,3,4,1,1,1,1,1,5,5,5,16,29,26,41,27,24,20,22,24,10,239,,2025-02-01 19:08:37,,1,0,10,10,0,0,0.84
170,,,Main,interview,2025-02-01 19:04:53,4,4,4,5,4,5,5,4,4,3,3,4,4,4,4,3,3,5,4,4,1,67869d8141361d118978d91c,5,4,4,3,2,42,5,3,3,4,3,4,5,4,4,5,5,3,4,4,4,4,4,44,53,82,188,90,20,24,13,26,8,273,,2025-02-01 19:14:01,,1,0,10,10,0,0,0.6
171,,,Main,interview,2025-02-01 19:04:55,4,5,5,5,4,4,4,4,4,4,4,4,3,3,4,4,4,4,4,4,1,673fe23a86818d6026205f04,4,5,4,4,1,32,4,3,2,4,3,4,4,4,5,5,5,5,5,5,4,4,3,11,15,13,103,16,19,13,12,18,4,154,,2025-02-01 19:08:39,,1,0,10,10,0,0,1.34
172,,,Main,interview,2025-02-01 19:04:58,4,4,4,4,4,4,4,3,4,3,3,2,3,4,4,3,4,4,3,4,1,671aab2a274389facf530c95,4,4,4,4,1,47,4,4,4,4,3,4,4,3,4,4,4,2,4,4,4,4,4,10,59,33,49,40,31,24,16,36,7,305,,2025-02-01 19:10:03,,1,0,10,10,0,0,0.77
173,,,Main,interview,2025-02-01 19:07:24,4,5,5,5,5,5,5,5,5,4,5,5,4,5,5,5,5,5,5,5,1,66b5af282e3f0b49cbdcc1bf,5,2,2,2,2,38,5,5,3,5,5,5,5,5,5,1,1,3,4,1,4,4,4,29,31,20,53,90,25,57,14,26,5,250,,2025-02-01 19:13:14,,1,0,10,10,0,0,0.77
174,,,Main,interview,2025-02-01 19:07:26,4,3,3,3,3,3,3,5,5,5,5,5,4,5,5,5,4,4,5,5,1,6755e55e905502ad1af16b29,2,4,4,3,1,62,4,4,2,4,4,5,5,4,5,5,5,5,5,5,5,5,5,15,33,28,25,48,18,26,14,34,11,252,,2025-02-01 19:11:38,,1,0,10,10,0,0,0.84
175,,,Main,interview,2025-02-01 19:07:34,4,3,3,4,4,4,4,4,4,5,4,4,3,3,4,4,3,4,4,5,1,677beaa22a4bdc6551a967f5,4,4,2,2,2,53,2,4,2,5,4,5,5,4,4,5,4,5,3,4,3,4,4,12,49,34,46,38,33,21,15,28,7,283,,2025-02-01 19:12:17,,1,0,10,10,0,0,0.79
176,,,Main,interview,2025-02-01 19:07:35,4,4,4,4,2,2,2,5,5,1,5,5,3,5,5,5,5,5,5,5,1,6669f862528d0daadf3d2fe6,5,4,4,4,1,48,4,3,2,5,4,4,2,1,5,5,5,5,5,5,5,5,5,6,33,17,20,31,52,18,15,32,5,196,,2025-02-01 19:11:25,,1,0,10,10,0,0,1.13
177,,,Main,interview,2025-02-01 19:08:04,4,5,5,5,5,5,4,4,5,4,4,4,5,5,5,4,4,3,4,3,1,66f1a8d761ed05e4d525e188,4,1,4,4,2,46,5,4,4,3,4,5,5,4,5,5,4,4,1,2,4,5,4,83,126,73,96,61,59,27,43,98,7,298,,2025-02-01 19:19:17,,1,0,10,10,0,0,0.4
178,,,Main,interview,2025-02-01 19:08:39,4,5,5,5,4,4,5,5,5,4,5,5,4,4,5,4,5,5,5,5,1,667dff584b72be8e8cf6b196,5,5,5,5,2,42,4,3,2,3,2,4,5,4,5,4,3,5,2,3,4,4,4,1249,117,100,30,77,58,26,10,15,10,252,,2025-02-01 19:36:51,,1,0,10,10,0,0,0.64
179,,,Main,interview,2025-02-01 19:08:52,4,5,5,5,4,5,5,5,5,5,4,4,5,5,5,5,5,5,5,5,1,673bd7fb63d2c58b530634f9,2,4,2,4,2,69,3,2,4,4,5,4,5,4,4,4,2,4,4,4,5,5,5,23,39,17,41,46,29,32,20,56,14,317,,2025-02-01 19:14:09,,1,0,10,10,0,0,0.68
180,,,Main,interview,2025-02-01 19:08:54,4,4,4,4,4,4,4,4,4,4,3,3,3,4,4,4,3,3,4,4,1,616f32f884640b7b3aa28115,5,5,5,5,2,45,3,3,4,3,3,4,3,4,5,4,5,2,3,4,5,5,5,12,18,12,23,16,15,10,8,20,6,140,,2025-02-01 19:11:14,,1,0,10,10,0,0,1.46
181,,,Main,interview,2025-02-01 19:09:51,4,4,5,4,4,4,4,4,4,4,4,3,3,4,3,4,3,4,3,5,1,5a79f14a8fe2dc00010593eb,4,4,4,4,2,35,5,2,2,5,2,4,3,3,2,2,2,1,1,3,4,3,3,10,27,40,27,25,12,10,14,17,5,187,,2025-02-01 19:12:58,,1,0,10,10,0,0,1.23
182,,,Main,interview,2025-02-01 19:10:16,4,4,5,4,4,4,5,4,4,5,5,4,4,5,5,5,5,4,5,4,1,67364a411ed0b36a282be127,2,1,2,2,2,27,2,5,4,2,5,5,5,5,5,5,5,5,5,5,5,5,5,10,340,7,7,10,9,6,5,6,12,101,,2025-02-01 19:17:08,,1,0,10,10,0,0,2.13
184,,,Main,interview,2025-02-01 19:10:34,4,4,4,4,4,4,4,4,4,4,4,4,3,3,4,4,4,4,3,3,1,6664cf7fbe52905a784f4cad,4,4,4,4,1,50,3,4,3,4,3,3,3,3,5,4,4,4,3,4,4,4,4,13,27,25,30,23,22,12,14,22,8,196,,2025-02-01 19:13:50,,1,0,10,10,0,0,1.04
185,,,Main,interview,2025-02-01 19:10:35,4,5,5,5,5,5,4,5,5,5,5,4,4,4,4,4,4,4,4,4,1,6731932ce9f8d67695d2bdee,4,4,4,4,2,34,5,5,3,4,5,3,4,4,5,5,5,5,5,5,5,5,5,10,32,16,33,22,21,18,14,31,6,203,,2025-02-01 19:13:58,,1,0,10,10,0,0,1.06
186,,,Main,interview,2025-02-01 19:11:02,4,5,5,5,5,5,5,5,5,5,5,5,5,5,5,5,5,5,5,5,1,5749537f5e5491000f3c1e33,4,4,4,4,1,34,4,4,4,5,4,5,5,4,5,2,4,4,2,2,4,4,4,8,29,22,37,31,19,19,13,20,6,204,,2025-02-01 19:14:26,,1,0,10,10,0,0,1.07
187,,,Main,interview,2025-02-01 19:11:04,4,5,5,5,5,5,5,4,4,2,5,4,4,5,4,4,3,4,5,5,1,65514e3c39d0c4217a988bd8,2,1,1,1,2,31,5,3,4,5,2,4,2,3,5,4,1,1,5,2,5,5,5,7,20,20,33,19,13,11,7,21,6,157,,2025-02-01 19:13:41,,1,0,10,10,0,0,1.4
188,,,Main,interview,2025-02-01 19:11:51,4,4,4,4,3,4,3,4,4,4,3,4,3,4,4,4,4,4,4,4,1,66b8c5e1daadbf9eaf00864a,5,5,5,5,2,37,5,5,5,4,5,4,4,4,4,4,1,1,1,2,4,4,4,40,148,11,20,22,9,10,7,17,4,169,,2025-02-01 19:16:39,,1,0,10,10,0,0,1.41
189,,,Main,interview,2025-02-01 19:12:29,4,4,4,4,4,4,3,5,5,4,4,4,5,5,4,4,4,4,4,4,1,5e0d61d853e8464f3394f9c3,5,5,5,5,1,37,4,4,3,4,3,2,2,2,4,5,5,5,2,3,5,5,5,8,21,17,26,23,16,12,8,44,6,181,,2025-02-01 19:15:30,,1,0,10,10,0,0,1.27
190,,,Main,interview,2025-02-01 19:12:57,4,4,4,4,4,4,4,4,4,4,4,4,4,4,4,4,4,4,4,4,1,669fdf35b877ffb7641b412e,4,2,2,3,2,45,5,5,4,5,4,4,4,4,4,4,4,4,4,4,4,4,4,12,13,10,15,13,11,15,5,21,8,123,,2025-02-01 19:15:00,,1,0,10,10,0,0,1.73
191,,,Main,interview,2025-02-01 19:13:05,4,5,5,4,5,4,3,2,4,3,4,2,2,2,2,5,2,2,4,4,1,6715004e41bafc7a675c7159,4,5,5,5,1,42,2,2,2,3,2,2,3,2,5,5,2,3,2,4,2,1,2,11,28,25,24,26,14,16,38,17,5,178,,2025-02-01 19:16:29,,1,0,10,10,0,0,1.12
192,,,Main,interview,2025-02-01 19:13:16,4,5,5,5,5,5,5,5,4,4,5,5,4,5,5,5,5,5,5,5,1,555a3c31fdf99b10a9d1b279,4,5,5,5,3,50,4,5,3,4,3,5,4,3,5,3,4,5,5,3,5,5,5,17,33,13,60,24,20,12,9,23,9,220,,2025-02-01 19:16:56,,1,0,10,10,0,0,1.06
193,,,Main,interview,2025-02-01 19:13:37,4,4,4,5,4,4,5,4,4,5,4,4,3,4,4,3,4,5,4,4,1,6679e88eb948e8a4b08a39fb,5,5,5,4,1,30,4,3,3,5,4,3,3,3,5,5,4,4,3,4,4,5,4,170,30,51,26,38,85,19,13,35,7,252,,2025-02-01 19:21:31,,1,0,10,10,0,0,0.72
194,,,Main,interview,2025-02-01 19:13:41,4,4,4,4,4,4,4,4,4,4,4,4,4,4,4,4,4,4,4,4,1,653216bcff2ce606c3cb6db8,4,4,4,3,1,38,4,5,5,5,5,4,4,4,4,2,3,2,2,2,4,3,2,12,39,70,42,34,20,21,26,27,7,298,,2025-02-01 19:18:39,,1,0,10,10,0,0,0.79
195,,,Main,interview,2025-02-01 19:13:47,4,5,5,5,5,5,5,4,4,5,4,4,5,5,4,2,4,4,4,4,1,62dbcc6f4bb8a5fd4c24da09,4,5,5,5,1,29,3,2,2,3,3,4,4,4,4,3,4,4,3,4,5,5,4,6,19,13,28,19,11,11,11,12,5,135,,2025-02-01 19:16:02,,1,0,10,10,0,0,1.59
196,,,Main,interview,2025-02-01 19:13:49,4,4,5,4,5,4,4,4,4,5,4,4,4,4,4,4,4,5,4,5,1,61bb370140db417c1a138984,4,3,3,4,2,36,3,4,2,5,4,4,4,4,4,5,3,4,3,4,3,2,4,29,29,57,48,79,71,56,30,49,12,369,,2025-02-01 19:21:29,,1,0,10,10,0,0,0.49
197,,,Main,interview,2025-02-01 19:13:53,4,4,4,4,4,4,4,4,4,4,4,4,4,4,4,4,4,4,4,4,1,672e893282c5078f8e51ff28,4,2,2,2,2,25,4,4,4,4,4,4,4,4,5,5,5,5,1,4,4,4,4,13,9,6,17,11,9,9,6,12,6,98,,2025-02-01 19:15:31,,1,0,10,10,0,0,2.07
198,,,Main,interview,2025-02-01 19:13:57,4,4,5,5,4,4,5,4,4,5,3,3,5,4,4,4,3,4,4,5,1,673ce80e726e869341862b48,2,3,2,4,2,49,4,3,3,5,3,5,4,4,4,5,4,4,4,5,4,5,5,68,29,24,22,76,15,19,10,30,11,250,,2025-02-01 19:19:01,,1,0,10,10,0,0,0.87
199,,,Main,interview,2025-02-01 19:14:23,4,5,5,5,5,5,5,3,3,4,4,4,4,3,4,3,4,3,5,4,1,5f084fffd931c103fbd4228a,4,4,4,4,1,25,4,4,3,4,3,4,3,4,3,2,1,1,1,1,3,2,3,5,17,18,34,23,25,10,14,25,4,175,,2025-02-01 19:17:18,,1,0,10,10,0,0,1.39
200,,,Main,interview,2025-02-01 19:14:26,4,5,5,5,5,5,5,5,5,5,5,5,4,4,5,5,5,5,5,5,1,647b42301093fff640cc5b94,5,5,5,5,1,37,3,5,5,5,5,4,4,4,3,4,5,5,2,4,5,5,5,9,25,42,36,23,16,12,7,19,8,197,,2025-02-01 19:17:43,,1,0,10,10,0,0,1.18
201,,,Main,interview,2025-02-01 19:14:33,4,4,4,4,4,4,4,4,4,4,4,4,4,4,5,4,4,4,4,4,1,67677ba17f0a93a3a60ff516,3,3,3,3,1,35,4,4,3,5,4,4,4,5,5,4,4,3,2,4,3,4,4,14,36,25,46,25,21,16,14,23,6,226,,2025-02-01 19:18:19,,1,0,10,10,0,0,0.95
202,,,Main,interview,2025-02-01 19:14:38,4,4,4,4,4,4,5,3,5,3,4,4,2,4,4,5,3,4,4,3,1,5dceeba4144b510411fb4566,5,4,4,4,2,39,3,3,3,4,3,4,3,3,4,4,4,4,4,4,4,4,4,15,37,23,28,57,19,16,11,21,9,236,,2025-02-01 19:18:34,,1,0,10,10,0,0,0.94
203,,,Main,interview,2025-02-01 19:14:48,4,5,5,5,3,4,4,3,4,4,4,4,2,3,4,4,3,4,3,4,1,664657170bccfb6ddea4249c,5,3,4,4,1,32,4,2,2,5,2,4,4,4,4,5,4,3,4,4,3,4,4,7,20,14,42,15,10,13,8,14,4,147,,2025-02-01 19:17:15,,1,0,10,10,0,0,1.58
204,,,Main,interview,2025-02-01 19:16:19,4,4,4,4,4,4,4,4,4,4,4,5,5,3,5,5,4,5,5,4,1,610980b1cb873aebad3961c2,5,4,5,5,2,50,4,5,4,4,4,4,4,4,5,5,3,3,5,5,5,5,5,16,36,19,32,42,19,27,32,24,6,253,,2025-02-01 19:20:32,,1,0,10,10,0,0,0.87
205,,,Main,interview,2025-02-01 19:16:38,4,5,5,5,5,5,5,4,5,5,4,4,4,4,4,4,4,4,5,5,1,5fdf6c153ce8067a77c14b05,3,4,4,4,2,36,4,2,2,5,4,4,4,4,5,4,5,5,5,4,4,4,4,17,30,47,27,16,15,12,10,21,7,202,,2025-02-01 19:20:00,,1,0,10,10,0,0,1.13
206,,,Main,interview,2025-02-01 19:17:24,4,4,4,4,4,4,4,4,4,5,4,4,4,4,4,5,4,4,4,4,1,66d8e4c119fbcd2677d4eeba,4,4,4,4,2,46,4,4,3,5,4,5,5,5,5,4,5,5,5,5,4,4,4,21,20,14,20,16,12,12,10,20,8,153,,2025-02-01 19:19:57,,1,0,10,10,0,0,1.34
207,,,Main,interview,2025-02-01 19:18:15,4,4,2,3,5,4,3,4,5,4,5,5,1,4,5,4,4,5,5,5,1,66cc9759889bbbbc81fc0356,1,5,4,2,1,42,5,4,5,5,4,5,4,3,5,4,5,5,3,4,5,4,5,103,39,15,139,77,50,13,7,28,12,288,,2025-02-01 19:26:18,,1,0,10,10,0,0,0.77
208,,,Main,interview,2025-02-01 19:18:26,4,4,4,4,4,4,4,4,4,4,4,5,2,4,4,4,4,4,5,5,1,669096537df4a5e8ad991b9f,4,4,4,4,1,22,4,5,3,5,5,4,4,5,2,3,2,2,4,4,4,4,4,54,86,82,92,103,32,38,13,52,7,310,,2025-02-01 19:27:46,,1,0,10,10,0,0,0.49
209,,,Main,interview,2025-02-01 19:19:20,4,4,4,4,4,4,4,3,4,4,3,3,4,3,4,3,3,4,4,4,1,6705d6713a2609a781626e56,2,2,2,2,2,49,1,4,3,3,2,3,3,3,4,4,3,4,3,3,4,4,4,64,52,38,52,60,36,36,23,52,18,381,,2025-02-01 19:26:31,,1,0,10,10,0,0,0.48
210,,,Main,interview,2025-02-01 19:19:53,4,4,3,3,4,5,4,4,5,3,4,5,2,4,4,2,4,5,4,5,1,65621989490b11dcec004621,5,4,4,4,2,32,5,4,2,5,3,1,3,2,2,2,1,1,1,1,2,4,2,8,18,14,27,26,11,15,8,15,8,150,,2025-02-01 19:22:23,,1,0,10,10,0,0,1.4
211,,,Main,interview,2025-02-01 19:20:56,4,4,4,4,4,4,4,4,4,4,4,4,4,4,4,4,4,4,4,4,1,5dd2c9f2c925a82e5167ef8b,4,3,3,3,1,63,5,5,4,5,5,4,4,4,4,3,3,3,5,4,4,4,4,20,25,15,29,25,10,31,12,21,10,198,,2025-02-01 19:24:14,,1,0,10,10,0,0,1.09
212,,,Main,interview,2025-02-01 19:21:45,4,4,4,3,4,4,4,4,5,4,4,3,3,3,4,4,4,3,3,4,1,678c070c7787cc581cc49afa,3,2,3,3,2,50,3,2,3,4,4,5,3,3,4,4,3,3,3,4,2,3,3,55,48,29,48,56,46,36,15,48,54,388,,2025-02-01 19:29:00,,1,0,10,10,0,0,0.51
213,,,Main,interview,2025-02-01 19:21:49,4,5,5,4,4,4,4,5,5,5,4,5,4,4,4,4,5,5,5,4,1,670032c698d32e9dba5e5fc0,5,5,5,5,1,34,2,5,5,1,5,3,3,4,4,4,5,5,3,4,5,4,4,11,16,448,28,21,12,16,9,12,5,152,,2025-02-01 19:31:27,,1,0,10,10,0,0,1.3
214,,,Main,interview,2025-02-01 19:22:07,4,4,4,4,5,5,4,5,4,4,5,5,4,5,5,4,4,4,4,3,1,6713728db7017fabce86f953,1,1,1,1,2,38,1,4,3,1,5,5,4,5,3,3,4,4,3,3,2,4,4,233,27,80,34,103,19,14,36,30,9,235,,2025-02-01 19:31:52,,1,0,10,10,0,0,0.67
215,,,Main,interview,2025-02-01 19:22:31,4,4,4,4,4,4,4,5,5,4,4,4,3,4,4,5,4,4,5,4,1,67126fadfbce5650f2ec9736,4,3,4,4,2,66,4,1,3,5,4,4,4,4,5,4,3,4,4,3,4,4,4,143,109,118,291,141,93,91,111,81,15,214,,2025-02-01 19:42:24,,1,0,10,10,0,0,0.21
216,,,Main,interview,2025-02-01 19:22:32,4,4,4,4,4,4,4,3,4,4,3,3,3,3,4,4,4,4,4,4,1,67828ba8bb270966f638a6b5,4,4,4,4,1,23,5,3,3,5,4,3,3,3,5,4,4,4,4,4,3,3,3,5,93,152,16,12,13,12,9,19,4,141,,2025-02-01 19:28:07,,1,0,10,10,0,0,1.49
217,,,Main,interview,2025-02-01 19:22:49,4,5,5,5,5,5,4,4,4,2,5,4,5,4,4,4,4,4,5,4,1,6234e9c483c8aa1f1c5f046a,5,4,4,5,1,31,5,5,4,5,5,4,4,5,4,5,5,5,5,5,4,4,5,12,23,29,22,37,18,21,41,20,43,201,,2025-02-01 19:27:15,,1,0,10,10,0,0,0.89
218,,,Main,interview,2025-02-01 19:22:56,4,4,4,4,3,3,3,5,4,4,4,4,3,5,4,5,4,4,4,4,1,5be1ac50ca095c0001b9f717,4,5,5,5,1,49,4,5,3,5,4,4,4,3,3,3,4,3,2,3,4,4,4,12,29,31,60,44,28,37,28,29,24,305,,2025-02-01 19:28:18,,1,0,10,10,0,0,0.67
219,,,Main,interview,2025-02-01 19:23:04,4,5,5,5,5,5,5,3,2,2,2,2,1,1,2,2,2,2,2,2,1,65d306f8b16eb5011ccb2025,2,1,1,1,1,49,1,5,5,3,5,5,5,5,4,3,3,3,3,3,5,5,5,15,41,34,33,38,33,20,10,40,12,276,,2025-02-01 19:27:40,,1,0,10,10,0,0,0.78
220,,,Main,interview,2025-02-01 19:23:09,4,5,5,5,5,5,5,4,5,4,4,3,3,4,4,5,3,4,4,4,1,6630dd028d96032f34c66827,4,5,5,5,1,34,5,4,3,5,4,5,5,4,5,5,5,5,3,3,4,3,3,4,15,11,18,12,7,6,8,14,5,100,,2025-02-01 19:24:49,,1,0,10,10,0,0,2.12
221,,,Main,interview,2025-02-01 19:23:42,4,4,4,4,4,4,4,2,2,4,4,2,2,2,2,2,2,2,2,2,1,65cc29fcdfeb09215a6c5310,5,5,5,5,2,23,4,3,3,2,4,2,2,2,4,2,2,2,2,2,2,2,2,7,29,17,17,33,11,7,12,19,4,156,,2025-02-01 19:26:18,,1,0,10,10,0,0,1.52
222,,,Main,interview,2025-02-01 19:23:48,4,4,4,4,4,4,4,3,3,3,3,3,4,3,4,3,3,4,4,3,1,6711bc23c5d91c5d72fdaa16,3,3,3,3,2,27,5,2,3,5,3,3,4,4,4,2,2,2,3,4,3,3,3,37,44,31,55,61,27,24,19,42,6,346,,2025-02-01 19:29:34,,1,0,10,10,0,0,0.66
223,,,Main,interview,2025-02-01 19:25:01,4,4,4,4,4,4,3,2,3,4,2,3,2,2,2,3,2,2,2,2,1,6572839f81e5b7f488285164,5,4,4,4,1,49,3,3,2,3,1,4,4,2,4,2,1,2,4,1,3,4,3,12,34,67,52,36,44,20,20,27,8,320,,2025-02-01 19:30:22,,1,0,10,10,0,0,0.74
224,,,Main,interview,2025-02-01 19:25:10,4,4,4,4,4,4,4,4,4,4,4,4,4,5,3,4,4,4,5,4,1,668b35eca7254e992fe0cd29,5,5,5,5,1,37,4,2,3,3,4,3,3,4,4,2,4,2,3,2,5,5,5,11,23,26,29,29,15,15,11,25,7,191,,2025-02-01 19:28:21,,1,0,10,10,0,0,1.09
225,,,Main,interview,2025-02-01 19:25:10,4,4,4,4,3,3,4,5,4,2,5,4,4,4,4,3,5,5,4,5,1,60a02459e21fcd96a30801c7,5,3,3,3,1,36,3,4,2,5,3,2,3,2,5,5,5,2,2,4,1,2,2,20,33,24,36,35,27,25,16,23,4,243,,2025-02-01 19:29:13,,1,0,10,10,0,0,0.91
226,,,Main,interview,2025-02-01 19:25:10,4,2,2,3,3,2,3,2,4,2,3,4,3,2,4,3,4,4,3,3,1,66492b46ca139ec22508f92e,4,3,2,3,1,36,4,3,3,4,3,3,3,2,3,3,2,2,3,2,4,4,3,12,35,21,43,30,20,22,12,25,6,226,,2025-02-01 19:28:56,,1,0,10,10,0,0,0.96
227,,,Main,interview,2025-02-01 19:25:34,4,4,4,4,4,4,4,4,4,4,4,4,4,4,4,4,4,4,4,4,1,6787de7d7ba858268b4add09,3,2,2,2,1,61,2,4,4,2,4,4,4,4,4,4,3,3,4,3,3,3,3,76,99,45,241,32,27,25,151,90,11,251,,2025-02-01 19:38:51,,1,0,10,10,0,0,0.44
228,,,Main,interview,2025-02-01 19:25:39,4,5,5,5,4,4,4,2,2,3,4,3,2,3,4,5,3,3,2,2,1,671f00bee29372584e53f36c,4,4,4,4,1,25,3,2,2,5,3,4,3,3,5,5,2,2,4,2,3,3,3,6,31,28,39,34,26,20,19,24,5,232,,2025-02-01 19:29:31,,1,0,10,10,0,0,1.03
229,,,Main,interview,2025-02-01 19:25:49,4,4,4,4,5,5,4,4,4,3,5,5,5,5,4,4,5,4,4,5,1,610806efb5c2d08e532aaca4,3,2,4,4,2,27,2,3,3,4,5,5,5,4,5,5,2,4,3,5,3,4,4,6,47,46,34,34,12,13,11,23,6,232,,2025-02-01 19:29:41,,1,0,10,10,0,0,1.14
230,,,Main,interview,2025-02-01 19:26:35,4,5,5,5,5,5,5,4,4,5,5,4,3,4,4,4,5,5,4,4,1,662a4e22949ca6084a2e5368,4,4,5,5,2,38,4,4,3,5,4,4,4,4,5,3,2,2,3,4,3,3,3,9,80,20,34,30,20,13,13,19,6,193,,2025-02-01 19:30:39,,1,0,10,10,0,0,1.05
231,,,Main,interview,2025-02-01 19:26:55,4,3,4,3,4,3,4,4,4,4,3,4,4,3,3,4,3,3,4,2,1,66a11a89ba4d8204d085ef26,3,4,3,2,2,30,3,4,3,2,4,3,4,3,4,3,4,2,3,3,2,4,3,30,56,1325,23,20,16,7,6,9,7,196,,2025-02-01 19:51:54,,1,0,10,10,0,0,1.3
232,,,Main,interview,2025-02-01 19:27:03,4,4,4,4,4,4,4,4,4,3,4,4,3,3,4,3,4,4,4,4,1,61083ecdd1be9b22e7caf4cf,4,2,2,2,2,23,5,4,3,5,2,4,4,3,4,4,3,4,4,4,4,4,4,6,11,17,15,10,9,8,7,18,4,105,,2025-02-01 19:28:48,,1,0,10,10,0,0,2.03
233,,,Main,interview,2025-02-01 19:27:21,4,4,4,4,4,4,4,4,4,4,4,4,4,5,4,5,4,4,4,4,1,5d825b67d27dc700019110ac,4,2,2,2,2,39,4,4,4,5,4,4,4,5,5,5,5,5,2,4,5,5,5,8,34,18,49,33,20,21,18,22,5,228,,2025-02-01 19:31:09,,1,0,10,10,0,0,1.02
234,,,Main,interview,2025-02-01 19:27:31,4,5,5,5,4,4,4,4,4,3,4,3,2,3,3,4,3,3,3,4,1,6721447895b4f0423e7d4c0a,4,4,4,4,2,46,4,3,3,4,3,3,3,3,4,4,3,3,1,4,4,4,4,31,101,22,37,27,16,15,13,17,6,213,,2025-02-01 19:32:16,,1,0,10,10,0,0,0.95
235,,,Main,interview,2025-02-01 19:27:32,4,4,5,4,4,5,4,5,4,5,5,5,2,4,4,5,5,5,4,5,1,678426df168fd2db1ff7c28c,4,4,5,4,1,35,2,3,4,2,4,4,4,2,2,3,1,2,2,2,4,5,4,116,208,87,163,160,135,113,80,129,16,215,,2025-02-01 19:47:39,,1,0,10,10,0,0,0.2
236,,,Main,interview,2025-02-01 19:28:02,4,4,4,5,4,5,4,4,4,3,4,3,4,4,4,5,3,4,4,4,1,6320e0bc9b0649f05c5bb242,4,4,3,3,1,57,4,3,3,4,3,5,5,5,5,3,2,2,1,3,4,4,3,11,42,30,40,27,15,25,21,25,31,243,,2025-02-01 19:32:29,,1,0,10,10,0,0,0.83
237,,,Main,interview,2025-02-01 19:28:03,4,4,5,4,4,4,4,4,5,4,4,5,4,4,4,4,4,4,5,4,1,610870aa97768306c1c5274f,4,2,2,2,2,30,5,4,4,5,5,4,4,5,4,4,4,4,5,4,5,5,5,7,21,17,47,47,12,21,11,22,8,213,,2025-02-01 19:31:36,,1,0,10,10,0,0,1.14
238,,,Main,interview,2025-02-01 19:29:02,4,5,5,5,5,5,5,4,3,5,4,2,4,3,2,4,3,4,3,4,1,6743b76bc03fcb39e837df6d,4,5,5,5,1,52,4,4,4,5,4,3,2,3,5,4,3,4,4,3,4,4,4,10,21,26,30,35,16,12,10,27,5,192,,2025-02-01 19:32:14,,1,0,10,10,0,0,1.16
239,,,Main,interview,2025-02-01 19:29:11,4,4,4,4,4,4,3,4,4,3,3,4,4,4,4,4,4,4,3,4,1,6650a38d75c08f70233642b1,4,4,4,4,1,56,4,4,3,5,3,3,3,3,4,4,5,5,3,4,4,4,4,18,22,33,33,49,15,15,10,26,6,227,,2025-02-01 19:32:58,,1,0,10,10,0,0,1
240,,,Main,interview,2025-02-01 19:29:23,4,4,5,5,5,4,4,4,5,4,4,4,4,4,5,4,4,5,4,4,1,677b8cb08f3f0d76f3aa3867,3,3,3,4,2,23,3,4,5,5,4,4,5,4,4,2,1,4,2,1,4,4,3,51,53,91,73,53,43,32,33,46,13,419,,2025-02-01 19:37:31,,1,0,10,10,0,0,0.44
241,,,Main,interview,2025-02-01 19:29:47,4,5,4,4,4,5,5,4,5,4,5,5,4,4,5,4,4,5,4,5,1,6728125a23a4a61165997a42,2,1,2,2,1,35,5,2,4,5,5,5,5,4,5,5,4,5,4,4,4,5,5,217,72,23,83,41,23,22,13,26,12,329,,2025-02-01 19:38:39,,1,0,10,10,0,0,0.65
242,,,Main,interview,2025-02-01 19:29:47,4,4,4,4,4,4,4,4,4,4,4,4,4,4,4,4,4,4,4,4,1,67302887c4c8c91fc63153fb,5,4,4,4,1,35,4,4,4,4,4,4,4,4,3,2,2,2,1,1,4,3,4,24,38,17,32,24,22,23,13,22,6,221,,2025-02-01 19:33:28,,1,0,10,10,0,0,0.96
243,,,Main,interview,2025-02-01 19:29:58,4,5,5,5,5,5,5,5,5,5,5,4,5,5,4,4,5,5,5,5,1,5d42486206811e001ada5b4b,4,4,4,4,1,48,5,5,5,5,5,4,5,5,5,5,5,5,2,1,5,5,4,25,78,44,57,65,76,30,78,54,12,347,,2025-02-01 19:38:37,,1,0,10,10,0,0,0.44
244,,,Main,interview,2025-02-01 19:30:30,,,,,,,,,,,,,,,,,,,,,1,5d5c25578af5fd0001ef3aee,,,,,,,,,,,,,,,,,,,,,,,,8,,,,,,,,,,8,,2025-02-01 19:30:38,,0,0,1,1,0,0,1.75
245,,,Main,interview,2025-02-01 19:30:45,4,5,5,5,5,5,5,5,5,5,5,4,4,5,5,5,5,5,5,5,1,668321718205177075b07f40,4,4,4,4,1,46,4,3,3,5,4,4,4,3,4,3,1,2,1,2,4,4,4,23,59,20,35,29,28,27,38,40,12,285,,2025-02-01 19:35:56,,1,0,10,10,0,0,0.69
246,,,Main,interview,2025-02-01 19:30:47,4,5,5,5,5,5,5,5,5,5,5,5,5,5,5,5,5,5,5,5,1,670420d4f05d7af4f85651e4,3,3,4,2,1,29,3,4,5,4,5,5,5,5,4,4,3,4,3,4,4,4,3,16,12,10,28,12,13,14,12,20,5,142,,2025-02-01 19:33:09,,1,0,10,10,0,0,1.53
247,,,Main,interview,2025-02-01 19:30:59,4,5,5,5,5,5,5,5,5,5,5,5,5,5,4,5,5,4,5,5,1,5aebb10baa05510001ff6500,5,5,5,5,1,26,5,5,5,5,5,5,5,5,4,4,5,5,5,5,4,4,4,7,7,7,7,5,4,4,3,8,112,59,,2025-02-01 19:33:43,,1,0,10,10,0,0,2.59
248,,,Main,interview,2025-02-01 19:31:33,4,5,5,5,5,4,4,4,4,5,4,4,5,3,5,4,4,5,5,4,1,6606f15e0998a345a03c66b3,4,2,2,2,1,25,5,3,3,5,5,5,4,4,4,4,5,4,4,4,5,4,4,9,22,12,13,21,11,22,5,26,7,148,,2025-02-01 19:34:01,,1,0,10,10,0,0,1.54
249,,,Main,interview,2025-02-01 19:31:41,4,4,4,4,4,4,4,4,5,4,5,4,4,4,5,4,4,4,4,4,1,671bf57baf2c2374636a8c4d,2,2,2,2,1,51,4,5,3,5,5,5,4,5,4,5,4,4,4,4,4,4,4,49,23,21,46,17,18,23,12,22,9,240,,2025-02-01 19:35:41,,1,0,10,10,0,0,0.96
250,,,Main,interview,2025-02-01 19:31:44,4,4,4,4,4,4,4,4,4,4,4,4,4,4,4,4,4,4,4,4,1,5d5c25578af5fd0001ef3aee,2,2,2,2,2,44,4,4,3,4,5,4,4,4,4,4,4,4,4,4,4,4,4,6,29,33,47,41,22,24,17,29,11,259,,2025-02-01 19:36:03,,1,0,10,10,0,0,0.91
251,,,Main,interview,2025-02-01 19:31:49,4,4,5,5,3,4,4,4,3,5,4,5,5,4,4,5,3,4,5,4,1,5c4a428161c51f0001e96b3f,2,1,3,2,1,30,2,3,5,2,3,3,4,3,4,5,3,4,3,4,3,4,5,57,46,53,61,122,197,39,4,9,10,328,,2025-02-01 19:41:47,,1,0,10,10,0,0,0.88
252,,,Main,interview,2025-02-01 19:31:52,4,4,4,4,4,4,5,4,3,3,3,2,3,3,5,3,3,3,4,4,1,666e02576e916cd782e9ae12,5,4,2,2,1,30,4,3,3,3,4,5,5,3,5,4,4,3,3,4,4,4,4,8,19,12,22,19,12,12,11,17,173,139,,2025-02-01 19:36:57,,1,0,10,10,0,0,1.36
253,,,Main,interview,2025-02-01 19:32:07,4,5,5,5,5,5,5,4,4,4,4,4,4,4,5,4,5,5,4,4,1,6577d6144d050ed948328da8,5,4,4,4,2,40,5,5,4,5,4,5,5,5,5,5,5,5,5,5,5,5,5,9,33,23,37,40,23,22,12,23,7,229,,2025-02-01 19:35:56,,1,0,10,10,0,0,0.96
254,,,Main,interview,2025-02-01 19:32:50,4,4,5,4,4,5,5,4,5,5,4,4,5,5,4,5,4,4,5,5,1,6441c37f5666c66e67eba833,4,3,3,4,1,27,2,5,4,3,3,5,4,4,4,5,3,4,4,5,4,4,5,10,16,15,63,11,58,10,28,67,4,199,,2025-02-01 19:37:32,,1,0,10,10,0,0,1.24
255,,,Main,interview,2025-02-01 19:33:46,4,5,5,5,5,5,5,2,2,2,2,3,2,3,4,3,3,3,3,4,1,63e5dea962e51a42174210da,3,3,3,3,1,49,5,4,2,5,2,4,5,5,5,5,5,5,5,5,5,5,5,27,29,39,30,37,16,15,7,21,8,229,,2025-02-01 19:37:35,,1,0,10,10,0,0,1
256,,,Main,interview,2025-02-01 19:34:11,4,4,4,4,4,4,4,4,4,4,4,4,4,4,4,4,4,4,4,4,1,671194097ab3a60e58c90e79,3,3,3,3,2,33,5,5,5,5,5,4,4,4,4,4,4,4,4,4,4,4,4,39,102,67,37,68,37,33,58,56,15,393,,2025-02-01 19:42:43,,1,0,10,10,0,0,0.44
257,,,Main,interview,2025-02-01 19:34:15,4,4,4,4,4,4,4,4,4,4,4,4,4,4,5,4,4,4,4,4,1,6715b8df2f25a8de04bcbd90,4,4,4,4,2,27,3,3,3,3,4,4,4,3,4,4,4,4,4,3,3,3,4,55,21,29,113,57,22,26,41,43,9,307,,2025-02-01 19:41:11,,1,0,10,10,0,0,0.63
258,,,Main,interview,2025-02-01 19:34:26,4,4,4,4,4,4,4,4,4,4,4,4,4,4,4,5,3,3,4,4,1,6612c6bf60252716c439e878,4,3,3,3,2,55,4,3,3,3,4,4,4,3,4,4,3,3,3,4,3,3,3,10,23,17,33,21,19,16,13,23,9,184,,2025-02-01 19:37:30,,1,0,10,10,0,0,1.11
259,,,Main,interview,2025-02-01 19:34:49,4,4,4,4,5,5,4,5,5,5,4,4,4,5,5,4,4,5,4,5,1,675efed37dcb5583072e39ef,1,3,1,1,2,30,2,5,2,3,4,4,5,5,5,4,2,2,3,4,5,4,5,50,10,13,67,61,16,18,30,41,17,323,,2025-02-01 19:40:12,,1,0,10,10,0,0,0.93
260,,,Main,interview,2025-02-01 19:34:56,4,4,4,4,4,4,4,3,4,4,2,4,4,4,4,4,4,4,4,4,1,6630dac9fd40f4bab44cc564,4,4,4,4,2,41,3,3,2,4,3,4,4,4,4,4,4,4,4,4,2,2,2,29,76,52,72,81,23,14,13,20,7,387,,2025-02-01 19:41:23,,1,0,10,10,0,0,0.72
261,,,Main,interview,2025-02-01 19:35:07,4,5,4,4,5,4,5,5,4,5,5,4,5,4,4,5,5,4,5,4,1,671bd9d2ad6c7497469ab858,2,1,2,1,2,38,5,4,5,5,5,5,4,5,4,5,2,4,1,5,5,4,4,37,57,48,61,47,44,23,20,70,26,367,,2025-02-01 19:42:20,,1,0,10,10,0,0,0.49
263,,,Main,interview,2025-02-01 19:35:42,4,3,3,3,3,3,4,4,4,4,4,4,3,4,4,5,4,4,4,4,1,66c0d9ef3c9b1d596446f813,2,5,5,5,1,42,5,4,4,5,4,4,5,4,5,5,5,5,5,5,5,5,5,41,15,8,14,15,9,9,4,10,6,131,,2025-02-01 19:37:53,,1,0,10,10,0,0,1.98
264,,,Main,interview,2025-02-01 19:35:54,4,4,4,4,4,4,4,4,5,5,4,5,4,4,5,4,5,4,5,5,1,67294473dbb580a0ca93f60f,3,2,2,2,2,39,5,4,5,5,5,4,4,5,4,4,4,4,4,4,4,4,4,20,25,14,14,16,13,14,7,23,9,155,,2025-02-01 19:38:29,,1,0,10,10,0,0,1.38
265,,,Main,interview,2025-02-01 19:35:55,4,4,4,4,5,5,5,4,4,4,4,4,4,4,5,5,4,5,4,5,1,6778fe145f392edc65b5eb11,5,2,2,1,1,45,2,4,5,4,4,5,5,5,4,5,5,5,5,5,4,4,5,14,14,13,25,20,11,14,7,16,7,141,,2025-02-01 19:38:16,,1,0,10,10,0,0,1.46
266,,,Main,interview,2025-02-01 19:35:59,4,4,4,4,4,4,4,3,3,4,3,3,4,3,3,2,2,3,4,3,1,67311ad3d7a3d7fd8f7da0cf,2,3,3,3,2,43,5,4,3,5,4,3,4,4,5,4,4,4,4,3,3,3,3,9,27,35,36,24,19,15,20,19,5,209,,2025-02-01 19:39:28,,1,0,10,10,0,0,1.07
267,,,Main,interview,2025-02-01 19:35:59,4,3,3,3,4,3,4,4,4,4,4,4,4,4,4,3,4,4,4,4,1,63d13da6727d092c414e7ea0,4,4,4,3,1,50,4,3,2,4,4,4,4,3,4,4,3,4,3,4,3,3,3,15,26,26,40,174,25,21,14,21,6,224,,2025-02-01 19:42:07,,1,0,10,10,0,0,0.86
268,,,Main,interview,2025-02-01 19:35:59,4,5,4,4,5,5,4,4,5,5,4,5,4,4,3,4,4,5,4,4,1,5f1231fe9e2ee916995196d8,2,1,2,1,2,24,2,4,4,4,4,4,3,4,4,4,4,3,4,2,4,4,3,25,13,5,15,55,6,5,3,8,271,142,,2025-02-01 19:42:45,,1,0,10,10,0,0,2.04
269,,,Main,interview,2025-02-01 19:36:11,4,5,5,5,5,5,5,4,4,4,5,4,4,4,4,4,5,5,4,4,1,5b8588fdec7fa30001d6103b,5,5,5,5,1,36,5,5,4,5,4,5,5,5,5,5,5,5,5,5,4,4,4,17,14,6,9,51,8,7,19,13,5,149,,2025-02-01 19:38:40,,1,0,10,10,0,0,1.8
270,,,Main,interview,2025-02-01 19:36:20,4,4,4,5,4,4,5,4,4,4,3,5,4,4,5,4,4,5,4,5,1,6772eff8b0671819e86ea033,3,3,3,2,1,23,2,2,3,5,4,4,4,3,4,5,4,4,3,2,3,2,3,57,47,49,27,65,21,21,34,59,17,361,,2025-02-01 19:42:57,,1,0,10,10,0,0,0.58
271,,,Main,interview,2025-02-01 19:36:32,4,4,4,4,4,4,5,5,5,4,3,3,3,5,4,5,5,5,4,4,1,676669b707b1484c46e779fb,5,5,5,5,2,47,4,4,3,5,5,4,4,4,3,1,1,1,1,1,4,5,5,15,26,26,167,20,19,10,9,24,6,188,,2025-02-01 19:41:54,,1,0,10,10,0,0,1.07
272,,,Main,interview,2025-02-01 19:37:47,4,4,4,5,5,4,4,4,4,4,5,4,4,5,4,5,5,4,4,5,1,6743943d9c8e44ab7842cf7b,1,4,2,2,2,49,4,2,3,5,4,4,5,4,2,2,1,2,2,4,2,2,2,16,29,41,616,116,26,73,26,34,21,259,,2025-02-01 19:54:25,,1,0,10,10,0,0,0.51
273,,,Main,interview,2025-02-01 19:38:06,4,4,4,4,4,4,5,2,2,4,4,2,4,3,2,4,2,2,3,4,1,62c7675f57c59d78336f7386,5,4,5,5,1,33,5,5,4,5,4,4,4,4,5,5,5,5,4,4,5,5,5,5,16,12,20,46,11,11,10,15,3,149,,2025-02-01 19:40:35,,1,0,10,10,0,0,1.7
274,,,Main,interview,2025-02-01 19:38:18,4,4,4,4,5,4,5,4,4,3,4,4,2,4,4,4,4,5,4,4,1,663106e96df4bd5c58482e29,4,5,4,5,1,29,4,4,4,5,2,4,4,3,5,5,4,4,4,4,4,4,4,12,20,13,22,35,23,17,14,16,18,190,,2025-02-01 19:41:29,,1,0,10,10,0,0,1.11
275,,,Main,interview,2025-02-01 19:38:27,4,4,4,4,5,4,5,3,4,4,3,4,2,3,4,3,3,4,4,4,1,5e7e0e92b7838b4aca1b6fca,4,4,5,5,1,55,3,4,2,5,5,4,5,3,3,3,3,4,4,2,4,4,4,265,23,27,60,22,21,14,11,35,13,240,,2025-02-01 19:46:38,,1,0,10,10,0,0,0.84
276,,,Main,interview,2025-02-01 19:38:39,4,5,5,5,4,5,5,4,5,4,4,4,4,5,4,4,5,4,4,4,1,5c0e84a7974277000123b3be,5,5,5,5,1,38,4,4,5,4,4,4,4,4,5,4,5,4,4,4,4,4,4,10,14,6,14,11,9,10,6,13,4,97,,2025-02-01 19:40:16,,1,0,10,10,0,0,2.08
277,,,Main,interview,2025-02-01 19:38:40,4,4,4,4,4,4,4,4,4,4,4,3,3,4,4,4,3,3,4,4,1,67391b0e4a478ef828e97f25,4,4,4,4,1,39,4,4,2,5,4,2,3,2,4,4,4,4,4,4,3,3,3,15,41,42,44,33,48,21,38,45,7,308,,2025-02-01 19:44:14,,1,0,10,10,0,0,0.68
278,,,Main,interview,2025-02-01 19:38:58,4,4,4,4,4,4,4,4,4,4,4,4,4,4,4,4,4,4,4,4,1,664d19a5b229fef83ed1e237,3,3,3,3,2,32,4,2,3,3,3,4,4,4,5,5,5,5,4,5,4,4,4,6,10,7,14,8,9,7,5,12,7,85,,2025-02-01 19:40:23,,1,0,10,10,0,0,2.34
279,,,Main,interview,2025-02-01 19:39:17,4,4,4,3,3,3,3,4,4,4,4,1,1,3,2,3,4,1,1,1,1,65810c5b903160d74b858800,3,4,3,2,-1,33,4,3,4,4,3,3,3,3,4,4,4,4,1,3,4,2,3,15,20,13,16,12,10,8,10,14,6,124,,2025-02-01 19:41:21,,1,0,10,10,0,0,1.66
280,,,Main,interview,2025-02-01 19:39:37,4,4,4,4,5,5,4,5,4,5,5,5,4,5,4,5,5,5,5,5,1,67242ed93285df5c2b0c6dd8,4,4,4,4,1,61,3,4,3,5,4,4,5,4,5,4,4,4,2,4,4,4,4,29,49,22,43,50,24,37,10,37,13,314,,2025-02-01 19:44:51,,1,0,10,10,0,0,0.7
281,,,Main,interview,2025-02-01 19:39:56,4,4,4,4,5,5,5,4,5,5,5,4,4,4,5,4,4,4,4,5,1,57d5593f8dcd2c00014bc55b,5,5,5,5,1,43,5,5,5,5,5,4,4,4,1,1,1,1,1,1,4,4,4,38,35,51,18,32,49,42,18,112,16,322,,2025-02-01 19:46:47,,1,0,10,10,0,0,0.65
282,,,Main,interview,2025-02-01 19:40:10,4,4,4,4,5,5,5,4,4,4,4,4,4,4,4,4,4,4,4,4,1,6665ff6243fd002652aac355,4,5,5,5,1,52,5,4,4,4,4,4,4,4,4,2,2,2,2,2,4,4,4,77,35,34,63,39,37,25,37,116,10,292,,2025-02-01 19:48:03,,1,0,10,10,0,0,0.53
283,,,Main,interview,2025-02-01 19:40:30,4,3,3,2,4,4,4,3,4,3,4,4,4,4,4,4,4,4,4,4,1,66509a4f5f39c86bc4cd57c0,4,4,4,4,1,27,4,3,3,5,3,4,4,2,5,5,4,3,5,4,3,4,4,11,16,9,22,20,16,19,8,16,5,142,,2025-02-01 19:42:52,,1,0,10,10,0,0,1.49
284,,,Main,interview,2025-02-01 19:42:32,4,4,4,4,5,5,5,4,4,4,4,4,5,4,4,4,4,4,4,4,1,673fb3b52fb5aab22859712b,2,2,2,2,2,24,4,3,3,1,4,4,4,4,5,5,5,4,5,5,4,4,3,7,32,20,37,27,16,17,12,19,5,192,,2025-02-01 19:45:44,,1,0,10,10,0,0,1.18
285,,,Main,interview,2025-02-01 19:43:36,4,5,5,5,5,5,5,4,4,4,4,4,4,4,4,4,4,4,4,5,1,5e552a5e45774651f60e62b3,5,5,5,5,2,27,5,4,3,5,5,5,5,5,5,4,4,3,4,3,4,4,4,10,23,10,36,21,10,6,5,14,8,143,,2025-02-01 19:45:59,,1,0,10,10,0,0,1.68
286,,,Main,interview,2025-02-01 19:44:06,4,5,5,5,4,4,4,4,4,4,4,5,4,4,5,4,4,4,5,5,1,6643a328878e4f517c10de28,4,4,4,4,2,26,3,3,3,4,3,5,4,4,3,4,3,2,3,4,4,4,4,11,20,18,29,20,12,13,9,20,5,157,,2025-02-01 19:46:43,,1,0,10,10,0,0,1.33
287,,,Main,interview,2025-02-01 19:44:16,4,4,5,4,3,4,4,3,4,4,3,3,4,3,4,3,4,2,3,4,1,66ef7b1122b1bfdf77a8eda0,3,3,3,1,1,20,3,4,3,2,4,4,3,2,3,4,2,2,2,3,3,5,4,23,33,147,18,22,18,6,7,45,4,198,,2025-02-01 19:49:39,,1,0,10,10,0,0,1.26
288,,,Main,interview,2025-02-01 19:45:30,4,5,5,5,5,5,5,4,4,4,4,4,4,4,5,4,4,4,4,4,1,678823b664e1a43e0ea8ae4b,2,4,4,2,2,34,2,4,2,4,4,3,4,4,4,4,4,4,4,4,2,2,2,23,24,10,17,26,16,13,12,28,13,182,,2025-02-01 19:48:33,,1,0,10,10,0,0,1.19
289,,,Main,interview,2025-02-01 19:46:43,4,5,5,5,5,5,5,2,2,4,2,5,2,2,4,1,2,1,4,5,1,66a6bbb40b48d0e4f326767e,2,5,5,5,1,33,4,2,1,4,3,4,4,2,4,1,1,1,1,1,2,2,2,7,31,21,43,12,20,14,6,18,207,179,,2025-02-01 19:53:02,,1,0,10,10,0,0,1.26
290,,,Main,interview,2025-02-01 19:46:47,4,4,4,4,5,5,5,4,4,4,4,4,4,4,4,4,4,4,4,4,1,5e0696dea7fba607951ae479,4,3,3,3,1,40,4,4,3,5,4,4,4,4,4,4,4,4,4,4,4,4,4,11,23,26,30,32,14,25,12,34,6,213,,2025-02-01 19:50:20,,1,0,10,10,0,0,1.03
291,,,Main,interview,2025-02-01 19:47:31,4,5,5,5,5,5,5,4,4,5,5,4,4,4,4,5,4,4,4,5,1,5f5e32a0d6a12c6857b8e127,5,5,5,5,1,28,5,5,4,5,5,5,5,5,5,5,5,5,5,4,5,5,5,10,22,38,26,17,9,11,8,16,10,167,,2025-02-01 19:50:18,,1,0,10,10,0,0,1.36
292,,,Main,interview,2025-02-01 19:48:44,4,4,4,4,4,4,4,4,4,4,4,5,4,4,4,4,4,4,5,4,1,566a3e0e7da0350012b3ec49,4,4,4,4,1,48,4,4,4,5,5,4,5,5,5,4,4,4,5,4,4,4,4,16,33,9,16,18,11,7,8,13,78,138,,2025-02-01 19:52:13,,1,0,10,10,0,0,1.53
293,,,Main,interview,2025-02-01 19:48:53,4,4,5,4,4,3,4,5,4,4,5,4,5,4,4,3,4,4,5,4,1,5c979fed3926fd0019b6c87b,2,1,2,2,1,29,4,2,3,2,3,5,4,4,5,4,3,4,4,4,5,4,4,7,12,5,7,7,5,5,4,9,5,66,,2025-02-01 19:49:59,,1,0,10,10,0,0,2.64
294,,,Main,interview,2025-02-01 19:48:53,4,4,4,5,4,4,4,4,4,4,5,4,4,4,4,5,4,4,4,5,1,662948ed99960b11f2f8e3fe,4,5,5,5,2,44,4,3,3,5,4,5,4,4,5,4,4,4,3,3,4,3,4,147,19,13,31,24,26,28,18,30,9,212,,2025-02-01 19:54:38,,1,0,10,10,0,0,0.91
295,,,Main,interview,2025-02-01 19:49:14,4,5,5,5,4,4,4,4,4,4,4,4,5,5,4,4,5,4,5,5,1,62891f0c151d0193dd342f81,5,5,5,5,1,36,5,4,3,4,4,5,4,4,5,5,5,5,3,5,5,4,5,8,18,11,20,18,15,17,6,15,6,134,,2025-02-01 19:51:28,,1,0,10,10,0,0,1.56
296,,,Main,interview,2025-02-01 19:49:31,,,,,,,,,,,,,,,,,,,,,1,65a5bc46a459a1f1b5a8ade9,,,,,,,,,,,,,,,,,,,,,,,,14,,,,,,,,,,14,,2025-02-01 19:49:45,,0,0,1,1,0,0,1
297,,,Main,interview,2025-02-01 19:49:40,4,5,5,5,5,4,5,4,4,4,4,5,5,4,5,2,5,4,4,4,1,675263e79b733642ab7798f7,5,4,4,4,1,35,4,3,4,4,3,3,2,2,3,4,2,4,2,4,4,4,4,16,41,47,42,63,36,16,48,22,5,300,,2025-02-01 19:55:16,,1,0,10,10,0,0,0.76
301,,,Main,interview,2025-02-01 19:50:13,4,4,4,4,4,4,4,4,4,4,4,5,4,4,4,4,4,4,5,5,1,633dbb46887d82536a9ee265,4,4,4,4,1,47,5,5,4,5,4,4,4,4,2,2,2,2,3,3,4,4,4,17,33,37,151,29,45,56,128,173,19,253,,2025-02-01 20:01:41,,1,0,10,10,0,0,0.48
302,,,Main,interview,2025-02-01 19:50:35,4,4,4,5,4,4,4,4,2,4,4,4,4,4,4,3,2,3,4,4,1,667470fcac8003628dfe75ab,4,5,5,5,2,65,2,2,2,1,2,4,3,3,5,5,5,5,5,5,4,4,3,14,23,19,21,29,18,16,12,23,6,181,,2025-02-01 19:53:36,,1,0,10,10,0,0,1.13
303,,,Main,interview,2025-02-01 19:50:54,4,5,5,5,4,4,5,5,4,5,4,5,4,4,5,3,5,5,4,4,1,6509f91a2ebdf06c16b59c9a,5,3,3,2,2,30,4,4,4,4,5,5,5,4,5,5,5,4,5,5,5,5,5,15,32,39,47,36,27,29,16,30,5,276,,2025-02-01 19:55:30,,1,0,10,10,0,0,0.81
305,,,Main,interview,2025-02-01 19:51:24,4,4,5,5,5,5,4,4,5,2,4,5,4,4,5,4,4,5,4,4,1,67505c42a18c872bab88ed42,4,4,4,4,1,45,4,4,4,4,4,5,4,4,5,3,5,5,5,5,5,4,4,7,18,12,20,15,7,17,4,20,5,125,,2025-02-01 19:53:29,,1,0,10,10,0,0,1.83
306,,,Main,interview,2025-02-01 19:54:09,4,4,4,4,5,4,4,4,4,5,4,5,4,4,5,3,4,4,4,4,1,67048d5f52bfc5947eff998d,5,4,4,5,1,53,3,4,3,5,3,3,3,2,3,4,2,2,4,4,4,4,3,6,18,14,31,24,13,15,14,22,7,164,,2025-02-01 19:56:53,,1,0,10,10,0,0,1.33
307,,,Main,interview,2025-02-01 19:55:51,4,4,4,4,4,4,4,5,5,4,5,5,4,4,5,4,5,5,5,4,1,676edccd36ae0c0d06bd64c0,4,4,4,4,2,47,4,4,3,5,4,4,4,4,5,5,5,5,2,3,4,4,4,8,28,20,39,34,19,14,16,31,7,216,,2025-02-01 19:59:27,,1,0,10,10,0,0,1.03
308,,,Main,interview,2025-02-01 19:59:39,4,5,5,4,4,4,4,4,4,4,4,4,4,4,4,5,4,4,4,4,1,677b04891429d0113746fb31,4,4,4,4,2,51,5,4,4,5,4,5,4,4,2,4,3,2,1,5,5,4,5,14,28,36,39,26,24,17,14,22,6,226,,2025-02-01 20:03:25,,1,0,10,10,0,0,0.95
309,,,Main,interview,2025-02-01 20:01:16,4,3,4,3,4,3,3,4,4,3,4,3,3,4,4,4,3,4,3,4,1,678006fbe6e272f7e1216c17,4,4,3,3,1,33,4,3,4,5,3,5,4,4,5,5,4,4,3,4,4,4,3,10,24,21,29,31,19,16,12,27,9,198,,2025-02-01 20:04:34,,1,0,10,10,0,0,1.04
310,,,Main,interview,2025-02-01 20:01:50,4,3,2,4,3,4,2,2,4,3,5,3,3,4,2,4,5,3,2,3,1,6768450391e1d9ac579fca06,3,2,4,3,1,24,2,3,4,3,4,3,4,2,2,4,5,3,2,3,2,4,3,72,67,47,45,67,21,26,30,24,13,354,,2025-02-01 20:08:42,,1,0,10,10,0,0,0.57
311,,,Main,interview,2025-02-01 20:04:52,4,4,4,4,4,4,4,4,4,4,4,3,3,5,3,4,4,4,4,4,1,67035d8d5bc7785d325528a2,4,5,4,4,2,51,4,4,4,4,4,4,5,4,5,4,3,3,2,4,4,4,4,10,16,20,26,17,11,12,8,19,6,145,,2025-02-01 20:07:17,,1,0,10,10,0,0,1.43
312,,,Main,interview,2025-02-01 20:05:38,4,4,5,4,4,4,4,4,4,4,5,4,4,4,4,5,4,4,4,4,1,67644ea3952ac4fc11cb8369,1,4,2,4,2,46,5,2,4,5,5,5,4,4,2,2,2,2,2,2,2,3,2,48,15,7,10,20,25,31,10,43,9,218,,2025-02-01 20:09:16,,1,0,10,10,0,0,1.35
313,,,Main,interview,2025-02-01 20:12:46,4,5,5,5,5,5,5,4,4,4,4,4,4,4,5,4,4,4,4,4,1,678f1df528b89f7aa06b930e,4,4,4,4,2,22,5,3,3,5,3,4,5,4,4,3,2,4,2,4,4,4,4,15,14,8,30,17,11,8,6,11,5,125,,2025-02-01 20:14:51,,1,0,10,10,0,0,1.79
314,,,Main,interview,2025-02-01 20:14:32,4,3,3,4,4,4,4,4,3,4,3,4,3,4,4,4,4,4,3,3,1,6776b7d40d330d49afc4c24f,4,3,3,2,2,57,5,4,3,4,3,4,4,3,4,4,4,3,4,4,4,4,4,9,24,16,25,22,15,16,9,19,4,159,,2025-02-01 20:17:11,,1,0,10,10,0,0,1.34
315,,,Main,interview,2025-02-01 20:21:54,4,5,5,5,4,5,5,5,5,5,4,5,5,4,5,5,4,5,5,4,1,675768859af7d3a8e498de99,4,2,1,2,2,43,4,2,4,5,5,5,5,4,5,5,3,5,4,4,5,4,4,374,73,42,26,68,14,18,10,25,7,297,,2025-02-01 20:32:51,,1,0,10,10,0,0,0.81